{
  "vertex_count": 24335,
  "facet_count": 25489,
  "bounds": {
    "x": [
      0.0,
      662.5897216796875
    ],
    "y": [
      0.0,
      139.7799072265625
    ],
    "z": [
      0.0,
      139.9197998046875
    ]
  },
  "mesh_conversion_factor": 0.0001,
  "unique_tags": [
    2,
    3,
    4,
    5,
    6,
    7,
    8,
    9,
    10,
    11
  ],
  "source": "robin_sim"
}