{
  "vertex_count": 111373,
  "facet_count": 30811,
  "bounds": {
    "x": [
      -62.29582977294922,
      378.70416259765625
    ],
    "y": [
      -19.118141174316406,
      67.8818588256836
    ],
    "z": [
      -19.6173095703125,
      118.3826904296875
    ]
  },
  "mesh_conversion_factor": 0.0001,
  "unique_tags": [
    1,
    2,
    3,
    7,
    8,
    13
  ]
}