{
  "vertex_count": 111373,
  "facet_count": 55211,
  "bounds": {
    "x": [
      -62.29582977294922,
      378.70416259765625
    ],
    "y": [
      -19.118141174316406,
      67.8818588256836
    ],
    "z": [
      -19.6173095703125,
      118.3826904296875
    ]
  },
  "mesh_conversion_factor": 0.0001,
  "unique_tags": [
    1,
    2,
    12,
    14,
    16,
    20,
    22,
    32,
    58,
    66,
    78,
    93,
    94,
    96,
    102,
    106,
    110,
    112,
    116,
    120,
    142,
    158,
    162,
    166,
    185,
    188,
    190,
    192,
    196,
    204,
    206,
    208,
    210,
    236,
    242,
    250,
    252,
    254,
    277,
    288,
    290,
    296,
    300,
    304,
    306,
    310,
    312,
    336,
    350,
    369,
    372,
    378,
    386,
    390,
    396,
    400,
    402,
    418,
    461,
    474,
    478,
    553,
    554,
    556,
    558,
    560,
    568,
    570,
    600,
    604,
    616,
    645,
    646,
    652,
    654,
    658,
    662,
    668,
    737,
    742,
    744,
    748,
    829,
    830,
    836,
    840,
    846,
    852,
    876,
    892,
    921,
    922,
    930,
    968,
    1013,
    1014,
    1022,
    1028,
    1074,
    1105,
    1108,
    1118,
    1197,
    1200,
    1206,
    1210,
    1212,
    1256,
    1289,
    1381,
    1392,
    1438,
    1473,
    1478,
    1565,
    1566,
    1570,
    1572,
    1657,
    1660,
    1662,
    1749,
    1841,
    1842,
    1933
  ],
  "source": "/Users/fritzgoebel/git/cardioEMI/pepe36_sim"
}